{
  "accuracy": 0.9553072625698324,
  "precision": 0.0,
  "recall": 0.0,
  "f1": 0.0,
  "confusion_matrix": [
    [
      684,
      11
    ],
    [
      21,
      0
    ]
  ],
  "roc_auc": 0.6158958547447757
}